{
    "display_distortion": {
        "left_eye": {
            "half_fov": 0.9,
            "display_size_mm_x": 51.7752,
            "display_size_mm_y": 51.7752,
            "params_red": {
                "k1": 0.022474564980657766,
                "k3": 6.426774232E-6,
                "k5": 1.557249471935154E-8,
                "k7": 3.456308599003131E-11,
                "k9": -3.9098738307993384E-15
            },
            "params_green": {
                "k1": 0.022474564980657766,
                "k3": 7.140860258225189E-6,
                "k5": 1.557249471935154E-8,
                "k7": 3.456308599003131E-11,
                "k9": -3.9098738307993384E-15
            },
            "params_blue": {
                "k1": 0.022474564980657766,
                "k3": 7.934289176E-6,
                "k5": 1.557249471935154E-8,
                "k7": 3.456308599003131E-11,
                "k9": -3.9098738307993384E-15
            }
        },
        "right_eye": {
            "half_fov": 0.9,
            "display_size_mm_x": 51.7752,
            "display_size_mm_y": 51.7752,
            "params_red": {
                "k1": 0.022474564980657766,
                "k3": 6.426774232E-6,
                "k5": 1.557249471935154E-8,
                "k7": 3.456308599003131E-11,
                "k9": -3.9098738307993384E-15
            },
            "params_green": {
                "k1": 0.022474564980657766,
                "k3": 7.140860258225189E-6,
                "k5": 1.557249471935154E-8,
                "k7": 3.456308599003131E-11,
                "k9": -3.9098738307993384E-15
            },
            "params_blue": {
                "k1": 0.022474564980657766,
                "k3": 7.934289176E-6,
                "k5": 1.557249471935154E-8,
                "k7": 3.456308599003131E-11,
                "k9": -3.9098738307993384E-15
            }
        }
    }
}